SPK_00044224_021	TITW-KSUT_id10273_2	0.137827
SPK_00044224_045	TITW-KSUT_id10273_3	0.108334
SPK_00044224_071	TITW-KSKT_id10273_0	0.108858
SPK_00044224_107	TITW-KSUT_id10273_0	0.134307
SPK_00044224_113	TITW-KSKT_id10273_2	0.187111
SPK_00044224_121	TITW-KSUT_id10273_4	0.146016
SPK_00044224_269	TITW-KSKT_id10273_1	0.137363
SPK_00044224_384	TITW-KSKT_id10273_4	0.137194
SPK_00044224_414	TITW-KSUT_id10273_1	0.130502
SPK_00044224_458	TITW-KSKT_id10273_3	0.116915
SPK_00058708_021	TITW-KSKT_id10274_0	0.145977
SPK_00058708_021	TITW-KSUT_id10274_0	0.133029
SPK_00058708_025	TITW-KSUT_id10274_4	0.141935
SPK_00058708_038	TITW-KSKT_id10274_3	0.120613
SPK_00058708_043	TITW-KSUT_id10274_2	0.139623
SPK_00058708_045	TITW-KSUT_id10274_1	0.139037
SPK_00058708_047	TITW-KSKT_id10274_1	0.154710
SPK_00058708_049	TITW-KSUT_id10274_3	0.147336
SPK_00058708_059	TITW-KSKT_id10274_2	0.122703
SPK_00058708_079	TITW-KSKT_id10274_4	0.136286
SPK_00079046_006	TITW-KSKT_id10270_0	0.122672
SPK_00079046_009	TITW-KSKT_id10270_2	0.133601
SPK_00079046_086	TITW-KSUT_id10270_4	0.149957
SPK_00079046_147	TITW-KSUT_id10270_1	0.129041
SPK_00079046_150	TITW-KSUT_id10270_3	0.101957
SPK_00079046_163	TITW-KSKT_id10270_3	0.136661
SPK_00079046_168	TITW-KSUT_id10270_2	0.133370
SPK_00079046_181	TITW-KSKT_id10270_4	0.141523
SPK_00079046_214	TITW-KSKT_id10270_1	0.116438
SPK_00079046_229	TITW-KSUT_id10270_0	0.099739
SPK_00092370_004	TITW-KSKT_id10285_3	0.082765
SPK_00092370_031	TITW-KSKT_id10285_4	0.077885
SPK_00092370_044	TITW-KSKT_id10285_2	0.103676
SPK_00092370_053	TITW-KSUT_id10285_0	0.086784
SPK_00092370_083	TITW-KSKT_id10285_0	0.093465
SPK_00092370_090	TITW-KSUT_id10285_4	0.079677
SPK_00092370_105	TITW-KSKT_id10285_1	0.072198
SPK_00092370_152	TITW-KSUT_id10285_1	0.105951
SPK_00092370_162	TITW-KSUT_id10285_2	0.092434
SPK_00092370_186	TITW-KSUT_id10285_3	0.110471
SPK_00121556_006	TITW-KSUT_id10276_0	0.116585
SPK_00121556_011	TITW-KSKT_id10276_1	0.215377
SPK_00121556_044	TITW-KSKT_id10276_0	0.144466
SPK_00121556_146	TITW-KSKT_id10276_4	0.135952
SPK_00121556_273	TITW-KSKT_id10276_3	0.199733
SPK_00121556_304	TITW-KSUT_id10276_4	0.129820
SPK_00121556_307	TITW-KSUT_id10276_3	0.080573
SPK_00121556_324	TITW-KSKT_id10276_2	0.108495
SPK_00121556_355	TITW-KSUT_id10276_1	0.098705
SPK_00121556_357	TITW-KSUT_id10276_2	0.076999
SPK_00124534_008	TITW-KSKT_id10309_1	0.166602
SPK_00124534_011	TITW-KSUT_id10309_2	0.103961
SPK_00124534_033	TITW-KSUT_id10309_4	0.104943
SPK_00124534_043	TITW-KSKT_id10309_2	0.148673
SPK_00124534_065	TITW-KSUT_id10309_3	0.174845
SPK_00124534_071	TITW-KSUT_id10309_0	0.169903
SPK_00124534_106	TITW-KSKT_id10309_3	0.144929
SPK_00124534_152	TITW-KSKT_id10309_0	0.158028
SPK_00124534_174	TITW-KSUT_id10309_1	0.097518
SPK_00124534_197	TITW-KSKT_id10309_4	0.123892
SPK_00125165_008	TITW-KSKT_id10307_0	0.126739
SPK_00125165_010	TITW-KSKT_id10307_4	0.153073
SPK_00125165_023	TITW-KSKT_id10307_3	0.133402
SPK_00125165_036	TITW-KSUT_id10307_0	0.111884
SPK_00125165_036	TITW-KSUT_id10307_1	0.127583
SPK_00125165_060	TITW-KSKT_id10307_2	0.113460
SPK_00125165_102	TITW-KSUT_id10307_4	0.155027
SPK_00125165_135	TITW-KSUT_id10307_3	0.170019
SPK_00125165_250	TITW-KSKT_id10307_1	0.146347
SPK_00125165_250	TITW-KSUT_id10307_2	0.129086
SPK_00127232_193	TITW-KSKT_id10300_2	0.136983
SPK_00127232_222	TITW-KSUT_id10300_2	0.113062
SPK_00127232_253	TITW-KSUT_id10300_4	0.086891
SPK_00127232_318	TITW-KSUT_id10300_0	0.118299
SPK_00127232_320	TITW-KSKT_id10300_1	0.131587
SPK_00127232_441	TITW-KSKT_id10300_3	0.116088
SPK_00127232_441	TITW-KSUT_id10300_3	0.102365
SPK_00127232_521	TITW-KSKT_id10300_4	0.104630
SPK_00127232_539	TITW-KSUT_id10300_1	0.131466
SPK_00127232_583	TITW-KSKT_id10300_0	0.064778
SPK_00156292_028	TITW-KSUT_id10286_2	0.175524
SPK_00156292_042	TITW-KSKT_id10286_0	0.170495
SPK_00156292_098	TITW-KSUT_id10286_1	0.125586
SPK_00156292_106	TITW-KSKT_id10286_4	0.175889
SPK_00156292_115	TITW-KSKT_id10286_3	0.231412
SPK_00156292_131	TITW-KSKT_id10286_2	0.161144
SPK_00156292_154	TITW-KSKT_id10286_1	0.145768
SPK_00156292_160	TITW-KSUT_id10286_4	0.114557
SPK_00156292_181	TITW-KSUT_id10286_3	0.159504
SPK_00156292_244	TITW-KSUT_id10286_0	0.147286
SPK_00163002_002	TITW-KSKT_id10280_0	0.106488
SPK_00163002_024	TITW-KSKT_id10280_3	0.099049
SPK_00163002_031	TITW-KSUT_id10280_4	0.124945
SPK_00163002_074	TITW-KSUT_id10280_1	0.096789
SPK_00163002_081	TITW-KSKT_id10280_4	0.093539
SPK_00163002_082	TITW-KSKT_id10280_1	0.068946
SPK_00163002_087	TITW-KSUT_id10280_0	0.091933
SPK_00163002_090	TITW-KSKT_id10280_2	0.095517
SPK_00163002_130	TITW-KSUT_id10280_2	0.075946
SPK_00163002_139	TITW-KSUT_id10280_3	0.083991
SPK_00171888_007	TITW-KSKT_id10291_1	0.108862
SPK_00171888_025	TITW-KSKT_id10291_2	0.130135
SPK_00171888_025	TITW-KSUT_id10291_3	0.180328
SPK_00171888_032	TITW-KSKT_id10291_4	0.139107
SPK_00171888_034	TITW-KSUT_id10291_0	0.132532
SPK_00171888_066	TITW-KSUT_id10291_4	0.160516
SPK_00171888_070	TITW-KSKT_id10291_3	0.280040
SPK_00171888_070	TITW-KSUT_id10291_1	0.166343
SPK_00171888_119	TITW-KSKT_id10291_0	0.111929
SPK_00171888_157	TITW-KSUT_id10291_2	0.166641
SPK_00177765_015	TITW-KSUT_id10294_4	0.114332
SPK_00177765_028	TITW-KSKT_id10294_4	0.085469
SPK_00177765_039	TITW-KSKT_id10294_0	0.104780
SPK_00177765_055	TITW-KSKT_id10294_1	0.093828
SPK_00177765_073	TITW-KSUT_id10294_2	0.094780
SPK_00177765_094	TITW-KSKT_id10294_2	0.074164
SPK_00177765_109	TITW-KSUT_id10294_1	0.092816
SPK_00177765_112	TITW-KSUT_id10294_0	0.097610
SPK_00177765_145	TITW-KSUT_id10294_3	0.133463
SPK_00177765_149	TITW-KSKT_id10294_3	0.095243
SPK_00243280_032	TITW-KSUT_id10281_4	0.100177
SPK_00243280_034	TITW-KSKT_id10281_4	0.095050
SPK_00243280_047	TITW-KSUT_id10281_1	0.058360
SPK_00243280_098	TITW-KSKT_id10281_2	0.097987
SPK_00243280_102	TITW-KSUT_id10281_0	0.099386
SPK_00243280_102	TITW-KSUT_id10281_3	0.107533
SPK_00243280_104	TITW-KSUT_id10281_2	0.083812
SPK_00243280_118	TITW-KSKT_id10281_0	0.134519
SPK_00243280_143	TITW-KSKT_id10281_3	0.088620
SPK_00243280_168	TITW-KSKT_id10281_1	0.110889
SPK_00260034_000	TITW-KSKT_id10277_2	0.096678
SPK_00260034_000	TITW-KSUT_id10277_1	0.083518
SPK_00260034_001	TITW-KSKT_id10277_3	0.071636
SPK_00260034_002	TITW-KSKT_id10277_4	0.115598
SPK_00260034_003	TITW-KSKT_id10277_0	0.109835
SPK_00260034_004	TITW-KSKT_id10277_1	0.090808
SPK_00260034_006	TITW-KSUT_id10277_0	0.089533
SPK_00260034_006	TITW-KSUT_id10277_3	0.081482
SPK_00260034_008	TITW-KSUT_id10277_2	0.084847
SPK_00260034_009	TITW-KSUT_id10277_4	0.087896
SPK_00283542_013	TITW-KSKT_id10275_4	0.081588
SPK_00283542_026	TITW-KSKT_id10275_2	0.101606
SPK_00283542_041	TITW-KSUT_id10275_0	0.091493
SPK_00283542_053	TITW-KSKT_id10275_0	0.081492
SPK_00283542_061	TITW-KSUT_id10275_2	0.092088
SPK_00283542_063	TITW-KSUT_id10275_3	0.077071
SPK_00283542_071	TITW-KSUT_id10275_4	0.061850
SPK_00283542_082	TITW-KSUT_id10275_1	0.056938
SPK_00283542_102	TITW-KSKT_id10275_3	0.123192
SPK_00283542_111	TITW-KSKT_id10275_1	0.103579
SPK_00328578_011	TITW-KSKT_id10302_1	0.106045
SPK_00328578_035	TITW-KSUT_id10302_4	0.081285
SPK_00328578_045	TITW-KSKT_id10302_3	0.086163
SPK_00328578_058	TITW-KSKT_id10302_4	0.078190
SPK_00328578_101	TITW-KSUT_id10302_1	0.067627
SPK_00328578_125	TITW-KSUT_id10302_0	0.078753
SPK_00328578_133	TITW-KSKT_id10302_2	0.090395
SPK_00328578_136	TITW-KSUT_id10302_3	0.066060
SPK_00328578_182	TITW-KSKT_id10302_0	0.089234
SPK_00328578_236	TITW-KSUT_id10302_2	0.150093
SPK_00344197_033	TITW-KSKT_id10272_3	0.081790
SPK_00344197_037	TITW-KSUT_id10272_1	0.098152
SPK_00344197_039	TITW-KSUT_id10272_0	0.105975
SPK_00344197_040	TITW-KSKT_id10272_0	0.065252
SPK_00344197_059	TITW-KSKT_id10272_4	0.084271
SPK_00344197_068	TITW-KSUT_id10272_4	0.085195
SPK_00344197_069	TITW-KSUT_id10272_2	0.099479
SPK_00344197_069	TITW-KSUT_id10272_3	0.091706
SPK_00344197_072	TITW-KSKT_id10272_2	0.101033
SPK_00344197_075	TITW-KSKT_id10272_1	0.144200
SPK_00361027_056	TITW-KSKT_id10292_1	0.138300
SPK_00361027_059	TITW-KSUT_id10292_2	0.122566
SPK_00361027_069	TITW-KSKT_id10292_0	0.119145
SPK_00361027_072	TITW-KSKT_id10292_4	0.092363
SPK_00361027_083	TITW-KSUT_id10292_3	0.111373
SPK_00361027_106	TITW-KSKT_id10292_2	0.181182
SPK_00361027_136	TITW-KSUT_id10292_0	0.118068
SPK_00361027_209	TITW-KSUT_id10292_4	0.137664
SPK_00361027_266	TITW-KSUT_id10292_1	0.115862
SPK_00361027_267	TITW-KSKT_id10292_3	0.143158
SPK_00371609_027	TITW-KSUT_id10288_0	0.088545
SPK_00371609_035	TITW-KSUT_id10288_2	0.066988
SPK_00371609_039	TITW-KSUT_id10288_1	0.111057
SPK_00371609_043	TITW-KSKT_id10288_4	0.084831
SPK_00371609_052	TITW-KSUT_id10288_4	0.073993
SPK_00371609_064	TITW-KSUT_id10288_3	0.086418
SPK_00371609_072	TITW-KSKT_id10288_2	0.138047
SPK_00371609_087	TITW-KSKT_id10288_1	0.086034
SPK_00371609_096	TITW-KSKT_id10288_0	0.107163
SPK_00371609_106	TITW-KSKT_id10288_3	0.102122
SPK_00372098_042	TITW-KSUT_id10296_3	0.089667
SPK_00372098_052	TITW-KSUT_id10296_0	0.078488
SPK_00372098_069	TITW-KSKT_id10296_1	0.126497
SPK_00372098_072	TITW-KSUT_id10296_2	0.091551
SPK_00372098_076	TITW-KSKT_id10296_4	0.080779
SPK_00372098_094	TITW-KSKT_id10296_3	0.086283
SPK_00372098_098	TITW-KSUT_id10296_4	0.098278
SPK_00372098_126	TITW-KSUT_id10296_1	0.098826
SPK_00372098_148	TITW-KSKT_id10296_2	0.092978
SPK_00372098_162	TITW-KSKT_id10296_0	0.093620
SPK_00377384_001	TITW-KSUT_id10298_2	0.089551
SPK_00377384_016	TITW-KSKT_id10298_3	0.132944
SPK_00377384_017	TITW-KSUT_id10298_0	0.146083
SPK_00377384_017	TITW-KSUT_id10298_1	0.117183
SPK_00377384_017	TITW-KSUT_id10298_3	0.107620
SPK_00377384_018	TITW-KSKT_id10298_1	0.118795
SPK_00377384_022	TITW-KSKT_id10298_2	0.124807
SPK_00377384_069	TITW-KSUT_id10298_4	0.121796
SPK_00377384_118	TITW-KSKT_id10298_0	0.141262
SPK_00377384_147	TITW-KSKT_id10298_4	0.089121
SPK_00390613_015	TITW-KSUT_id10295_0	0.094628
SPK_00390613_019	TITW-KSKT_id10295_4	0.179712
SPK_00390613_029	TITW-KSKT_id10295_1	0.134902
SPK_00390613_033	TITW-KSUT_id10295_1	0.112607
SPK_00390613_045	TITW-KSUT_id10295_3	0.191865
SPK_00390613_077	TITW-KSUT_id10295_2	0.202636
SPK_00390613_102	TITW-KSUT_id10295_4	0.106419
SPK_00390613_119	TITW-KSKT_id10295_3	0.109387
SPK_00390613_122	TITW-KSKT_id10295_2	0.114629
SPK_00390613_126	TITW-KSKT_id10295_0	0.105886
SPK_00404767_036	TITW-KSKT_id10290_3	0.176794
SPK_00404767_051	TITW-KSUT_id10290_2	0.095417
SPK_00404767_076	TITW-KSKT_id10290_0	0.091261
SPK_00404767_089	TITW-KSUT_id10290_1	0.089509
SPK_00404767_120	TITW-KSKT_id10290_1	0.108656
SPK_00404767_155	TITW-KSKT_id10290_2	0.116536
SPK_00404767_188	TITW-KSKT_id10290_4	0.090008
SPK_00404767_195	TITW-KSUT_id10290_0	0.075725
SPK_00404767_201	TITW-KSUT_id10290_3	0.095908
SPK_00404767_241	TITW-KSUT_id10290_4	0.111386
SPK_00429482_026	TITW-KSUT_id10278_0	0.112834
SPK_00429482_098	TITW-KSUT_id10278_4	0.075444
SPK_00429482_107	TITW-KSKT_id10278_3	0.070216
SPK_00429482_115	TITW-KSUT_id10278_2	0.075859
SPK_00429482_180	TITW-KSUT_id10278_1	0.083623
SPK_00429482_192	TITW-KSKT_id10278_1	0.122794
SPK_00429482_212	TITW-KSKT_id10278_4	0.106196
SPK_00429482_217	TITW-KSKT_id10278_2	0.128487
SPK_00429482_236	TITW-KSUT_id10278_3	0.068027
SPK_00429482_263	TITW-KSKT_id10278_0	0.074622
SPK_00444749_028	TITW-KSUT_id10306_1	0.105658
SPK_00444749_032	TITW-KSKT_id10306_4	0.125696
SPK_00444749_042	TITW-KSUT_id10306_0	0.155966
SPK_00444749_054	TITW-KSUT_id10306_2	0.088203
SPK_00444749_075	TITW-KSKT_id10306_2	0.111611
SPK_00444749_116	TITW-KSUT_id10306_3	0.114210
SPK_00444749_154	TITW-KSKT_id10306_1	0.112213
SPK_00444749_156	TITW-KSKT_id10306_3	0.192820
SPK_00444749_270	TITW-KSKT_id10306_0	0.106538
SPK_00444749_270	TITW-KSUT_id10306_4	0.135703
SPK_00509560_009	TITW-KSKT_id10297_1	0.223700
SPK_00509560_048	TITW-KSUT_id10297_4	0.130269
SPK_00509560_062	TITW-KSKT_id10297_3	0.273631
SPK_00509560_095	TITW-KSUT_id10297_3	0.113319
SPK_00509560_102	TITW-KSKT_id10297_0	0.120608
SPK_00509560_103	TITW-KSKT_id10297_4	0.159382
SPK_00509560_125	TITW-KSUT_id10297_1	0.090725
SPK_00509560_134	TITW-KSUT_id10297_0	0.103817
SPK_00509560_136	TITW-KSKT_id10297_2	0.305595
SPK_00509560_148	TITW-KSUT_id10297_2	0.091410
SPK_00584620_020	TITW-KSKT_id10305_1	0.166177
SPK_00584620_033	TITW-KSKT_id10305_2	0.166689
SPK_00584620_040	TITW-KSUT_id10305_4	0.090324
SPK_00584620_054	TITW-KSUT_id10305_3	0.093092
SPK_00584620_056	TITW-KSUT_id10305_2	0.080581
SPK_00584620_067	TITW-KSUT_id10305_0	0.138903
SPK_00584620_072	TITW-KSKT_id10305_0	0.062194
SPK_00584620_074	TITW-KSKT_id10305_3	0.083018
SPK_00584620_077	TITW-KSUT_id10305_1	0.095567
SPK_00584620_099	TITW-KSKT_id10305_4	0.139758
SPK_00606221_045	TITW-KSKT_id10289_4	0.112584
SPK_00606221_054	TITW-KSKT_id10289_2	0.056904
SPK_00606221_061	TITW-KSUT_id10289_4	0.129935
SPK_00606221_066	TITW-KSKT_id10289_1	0.116207
SPK_00606221_082	TITW-KSUT_id10289_3	0.074113
SPK_00606221_090	TITW-KSUT_id10289_1	0.095029
SPK_00606221_092	TITW-KSUT_id10289_0	0.102821
SPK_00606221_101	TITW-KSKT_id10289_0	0.113524
SPK_00606221_108	TITW-KSUT_id10289_2	0.085016
SPK_00606221_114	TITW-KSKT_id10289_3	0.122560
SPK_00608505_012	TITW-KSKT_id10282_4	0.127053
SPK_00608505_015	TITW-KSKT_id10282_0	0.093320
SPK_00608505_021	TITW-KSUT_id10282_3	0.105197
SPK_00608505_027	TITW-KSUT_id10282_4	0.108290
SPK_00608505_028	TITW-KSKT_id10282_2	0.099538
SPK_00608505_030	TITW-KSUT_id10282_0	0.119955
SPK_00608505_032	TITW-KSKT_id10282_3	0.150315
SPK_00608505_037	TITW-KSUT_id10282_2	0.111261
SPK_00608505_053	TITW-KSUT_id10282_1	0.092455
SPK_00608505_074	TITW-KSKT_id10282_1	0.089764
SPK_00615476_005	TITW-KSUT_id10284_2	0.084446
SPK_00615476_020	TITW-KSKT_id10284_1	0.060081
SPK_00615476_049	TITW-KSUT_id10284_3	0.095731
SPK_00615476_062	TITW-KSKT_id10284_2	0.086715
SPK_00615476_064	TITW-KSKT_id10284_0	0.071120
SPK_00615476_095	TITW-KSUT_id10284_4	0.078997
SPK_00615476_128	TITW-KSKT_id10284_3	0.122339
SPK_00615476_128	TITW-KSKT_id10284_4	0.119232
SPK_00615476_161	TITW-KSUT_id10284_0	0.079328
SPK_00615476_165	TITW-KSUT_id10284_1	0.064267
SPK_00667023_024	TITW-KSUT_id10293_2	0.110507
SPK_00667023_045	TITW-KSUT_id10293_1	0.129460
SPK_00667023_086	TITW-KSUT_id10293_4	0.151575
SPK_00667023_100	TITW-KSKT_id10293_2	0.083657
SPK_00667023_105	TITW-KSUT_id10293_0	0.084633
SPK_00667023_128	TITW-KSUT_id10293_3	0.068426
SPK_00667023_159	TITW-KSKT_id10293_4	0.060537
SPK_00667023_184	TITW-KSKT_id10293_0	0.258078
SPK_00667023_186	TITW-KSKT_id10293_3	0.095227
SPK_00667023_302	TITW-KSKT_id10293_1	0.099963
SPK_00776727_009	TITW-KSUT_id10299_0	0.120078
SPK_00776727_010	TITW-KSKT_id10299_2	0.071009
SPK_00776727_031	TITW-KSUT_id10299_2	0.107122
SPK_00776727_075	TITW-KSKT_id10299_0	0.089686
SPK_00776727_076	TITW-KSKT_id10299_1	0.114890
SPK_00776727_079	TITW-KSUT_id10299_3	0.122124
SPK_00776727_095	TITW-KSUT_id10299_4	0.109685
SPK_00776727_113	TITW-KSKT_id10299_4	0.118571
SPK_00776727_131	TITW-KSKT_id10299_3	0.060318
SPK_00776727_135	TITW-KSUT_id10299_1	0.088079
SPK_00795484_001	TITW-KSUT_id10279_1	0.159710
SPK_00795484_003	TITW-KSKT_id10279_0	0.105612
SPK_00795484_019	TITW-KSUT_id10279_0	0.110996
SPK_00795484_027	TITW-KSKT_id10279_3	0.110864
SPK_00795484_038	TITW-KSKT_id10279_1	0.178491
SPK_00795484_047	TITW-KSUT_id10279_3	0.209388
SPK_00795484_048	TITW-KSUT_id10279_2	0.101782
SPK_00795484_052	TITW-KSKT_id10279_2	0.126743
SPK_00795484_096	TITW-KSUT_id10279_4	0.101032
SPK_00795484_106	TITW-KSKT_id10279_4	0.134165
SPK_00818557_007	TITW-KSUT_id10271_4	0.119088
SPK_00818557_008	TITW-KSKT_id10271_2	0.106898
SPK_00818557_042	TITW-KSKT_id10271_1	0.078574
SPK_00818557_045	TITW-KSKT_id10271_4	0.089568
SPK_00818557_049	TITW-KSUT_id10271_1	0.080547
SPK_00818557_068	TITW-KSKT_id10271_0	0.251530
SPK_00818557_073	TITW-KSKT_id10271_3	0.075873
SPK_00818557_078	TITW-KSUT_id10271_0	0.090740
SPK_00818557_086	TITW-KSUT_id10271_2	0.082630
SPK_00818557_100	TITW-KSUT_id10271_3	0.077212
SPK_00836425_011	TITW-KSKT_id10308_4	0.107247
SPK_00836425_014	TITW-KSUT_id10308_4	0.103069
SPK_00836425_021	TITW-KSUT_id10308_3	0.111033
SPK_00836425_028	TITW-KSUT_id10308_0	0.115024
SPK_00836425_031	TITW-KSKT_id10308_3	0.107084
SPK_00836425_032	TITW-KSUT_id10308_2	0.120920
SPK_00836425_066	TITW-KSUT_id10308_1	0.058036
SPK_00836425_069	TITW-KSKT_id10308_0	0.082247
SPK_00836425_102	TITW-KSKT_id10308_2	0.100112
SPK_00836425_114	TITW-KSKT_id10308_1	0.055026
SPK_00843613_041	TITW-KSKT_id10304_2	0.107883
SPK_00843613_118	TITW-KSUT_id10304_4	0.137522
SPK_00843613_128	TITW-KSKT_id10304_0	0.154883
SPK_00843613_132	TITW-KSUT_id10304_2	0.107394
SPK_00843613_132	TITW-KSUT_id10304_3	0.150303
SPK_00843613_140	TITW-KSKT_id10304_3	0.129755
SPK_00843613_225	TITW-KSKT_id10304_1	0.130760
SPK_00843613_245	TITW-KSUT_id10304_0	0.202671
SPK_00843613_264	TITW-KSKT_id10304_4	0.150111
SPK_00843613_264	TITW-KSUT_id10304_1	0.121487
SPK_00870889_004	TITW-KSUT_id10303_1	0.098016
SPK_00870889_009	TITW-KSKT_id10303_0	0.130168
SPK_00870889_045	TITW-KSKT_id10303_1	0.141357
SPK_00870889_054	TITW-KSKT_id10303_2	0.153864
SPK_00870889_059	TITW-KSUT_id10303_2	0.111676
SPK_00870889_061	TITW-KSKT_id10303_3	0.156201
SPK_00870889_070	TITW-KSUT_id10303_3	0.124396
SPK_00870889_078	TITW-KSUT_id10303_0	0.148135
SPK_00870889_150	TITW-KSUT_id10303_4	0.125741
SPK_00870889_156	TITW-KSKT_id10303_4	0.108348
SPK_00910559_005	TITW-KSKT_id10301_3	0.146984
SPK_00910559_015	TITW-KSKT_id10301_1	0.137113
SPK_00910559_017	TITW-KSUT_id10301_2	0.168007
SPK_00910559_017	TITW-KSUT_id10301_3	0.129643
SPK_00910559_032	TITW-KSUT_id10301_1	0.120395
SPK_00910559_038	TITW-KSUT_id10301_0	0.109648
SPK_00910559_041	TITW-KSKT_id10301_0	0.116867
SPK_00910559_043	TITW-KSKT_id10301_4	0.127834
SPK_00910559_059	TITW-KSKT_id10301_2	0.121685
SPK_00910559_064	TITW-KSUT_id10301_4	0.104026
SPK_00925455_008	TITW-KSKT_id10283_2	0.116436
SPK_00925455_035	TITW-KSUT_id10283_3	0.174769
SPK_00925455_119	TITW-KSKT_id10283_4	0.187932
SPK_00925455_200	TITW-KSUT_id10283_1	0.123247
SPK_00925455_275	TITW-KSUT_id10283_2	0.049754
SPK_00925455_369	TITW-KSKT_id10283_3	0.124875
SPK_00925455_460	TITW-KSKT_id10283_1	0.078462
SPK_00925455_599	TITW-KSKT_id10283_0	0.146767
SPK_00925455_748	TITW-KSUT_id10283_0	0.154923
SPK_00925455_794	TITW-KSUT_id10283_4	0.105495
SPK_00945681_021	TITW-KSKT_id10287_3	0.148329
SPK_00945681_021	TITW-KSKT_id10287_4	0.147166
SPK_00945681_040	TITW-KSUT_id10287_0	0.124778
SPK_00945681_043	TITW-KSUT_id10287_1	0.106332
SPK_00945681_043	TITW-KSUT_id10287_2	0.104898
SPK_00945681_052	TITW-KSKT_id10287_2	0.120404
SPK_00945681_055	TITW-KSKT_id10287_1	0.099935
SPK_00945681_062	TITW-KSUT_id10287_4	0.089269
SPK_00945681_072	TITW-KSUT_id10287_3	0.105148
SPK_00945681_076	TITW-KSKT_id10287_0	0.129335
